<?xml version="1.0" encoding="UTF-8"?>
<project-private xmlns="http://www.netbeans.org/ns/project-private/1">
    <editor-bookmarks xmlns="http://www.netbeans.org/ns/editor-bookmarks/2" lastBookmarkId="1"/>
    <open-files xmlns="http://www.netbeans.org/ns/projectui-open-files/2">
        <group>
            <file>file:/D:/Usuario/Documents/NetBeansProjects/Guia_POO/src/Entidad/Libro.java</file>
            <file>file:/D:/Usuario/Documents/NetBeansProjects/Guia_POO/src/guia_poo/Guia_POO.java</file>
            <file>file:/D:/Usuario/Documents/NetBeansProjects/Guia_POO/src/Entidad/Persona.java</file>
            <file>file:/D:/Usuario/Documents/NetBeansProjects/Guia_POO/src/Servicio/LibroService.java</file>
            <file>file:/D:/Usuario/Documents/NetBeansProjects/Guia_POO/src/Servicio/CircunferenciaService.java</file>
            <file>file:/D:/Usuario/Documents/NetBeansProjects/Guia_POO/src/Entidad/Circunferencia.java</file>
            <file>file:/D:/Usuario/Documents/NetBeansProjects/Guia_POO/src/Servicio/PersonaService.java</file>
        </group>
    </open-files>
</project-private>
