<?xml version="1.0" encoding="UTF-8"?>
<project-private xmlns="http://www.netbeans.org/ns/project-private/1">
    <editor-bookmarks xmlns="http://www.netbeans.org/ns/editor-bookmarks/2" lastBookmarkId="0"/>
    <open-files xmlns="http://www.netbeans.org/ns/projectui-open-files/2">
        <group>
            <file>file:/C:/Users/copec/OneDrive/Documentos/NetBeansProjects/ejercicioextra2POO/src/ejercicioextra2poo/entidades/servicio/ServAlquiler.java</file>
            <file>file:/C:/Users/copec/OneDrive/Documentos/NetBeansProjects/ejercicioextra2POO/src/ejercicioextra2poo/entidades/Alquiler.java</file>
            <file>file:/C:/Users/copec/OneDrive/Documentos/NetBeansProjects/ejercicioextra2POO/src/ejercicioextra2poo/Ejercicioextra2POO.java</file>
            <file>file:/C:/Users/copec/OneDrive/Documentos/NetBeansProjects/ejercicioextra2POO/src/ejercicioextra2poo/entidades/servicio/ServPelicula.java</file>
            <file>file:/C:/Users/copec/OneDrive/Documentos/NetBeansProjects/ejercicioextra2POO/src/ejercicioextra2poo/entidades/Pelicula.java</file>
        </group>
    </open-files>
</project-private>
